ProductCategory,AVG(profit)
Office Supplies,84.46134451029955
Technology,156.55541863201665
Furniture,127.94709931860464
